id,segment,method,core,cables,demarc,n4,n1_fa,with_cables,spare,elec,pathway,cables_per_conduit,fill_flag,raw
toC01,toS04,leader,B,50,True,5,0,3,2,0,duct bank,16.7,+demarc qty not stated,"(50) CORE-B CABLES + DEMARC CABLES - (5) 4"" CONDUITS WITH PULL STRINGS. (3) CONDUITS WITH CABLES, (2) SPARE CONDUITS."
toC02,toS05,leader,A,2,False,1,0,1,0,0,pipe basement,2.0,,"(2) CORE-A CABLES - (1) 4"" CONDUIT WITH PULL STRING AND CABLES. ROUTED IN PIPE BASEMENT BELOW BUILDING."
toC03,toS03,leader,A,2,False,3,0,1,2,0,duct bank,2.0,,"(2) CORE-A CABLES - (3) 4"" CONDUITS WITH PULL STRINGS. (1) CONDUIT WITH CABLES, (2) SPARE CONDUITS."
toC04,toS02,leader,A,38,True,0,0,0,0,0,pipe basement,,+demarc qty not stated,"(38) CORE-A FIBERS + DEMARC CABLES IN 4"" CONDUITS ROUTED IN PIPE BASEMENT BELOW BUILDING TO BUILDING 1 BASEMENT TRS. REFER TO SHEET T1.B FOR CONTINUATION."
toC05,toS01,leader,B,1,False,3,0,1,2,0,duct bank,1.0,,"(1) CORE-B CABLE - (3) 4"" CONDUITS WITH PULL STRINGS. (1) CONDUIT WITH CABLES, (2) SPARE CONDUITS."
toC06,toS02,leader,A,1,False,1,0,1,0,0,pipe basement,1.0,,"(1) CORE-A CABLE - (1) 4"" CONDUIT WITH PULL STRING AND CABLES. ROUTED IN PIPE BASEMENT BELOW BUILDING."
toC07,toS06,leader,A,1,False,1,0,1,0,0,duct bank,1.0,,"(1) CORE-A CABLE - (1) 4"" CONDUIT WITH PULL STRING AND CABLES."
toC08,toS07,leader,A,1,False,1,0,1,0,0,duct bank,1.0,,"(1) CORE-A CABLE - (1) 4"" CONDUIT WITH PULL STRING AND CABLES."
toC09,toS02,leader,A,1,False,3,0,1,2,0,duct bank,1.0,,"(1) CORE-A CABLE - (3) 4"" CONDUITS WITH PULL STRINGS. (1) CONDUIT WITH CABLES, (2) SPARE CONDUITS."
toC10,toS09,NEAREST ONLY (16 ft) - verify,B,1,False,1,0,1,0,0,duct bank,1.0,,"(1) CORE-B CABLE - (1) 4"" CONDUIT WITH PULL STRING AND CABLES."
toC11,toS09,leader,B,2,False,3,0,1,2,0,duct bank,2.0,,"(2) CORE-B CABLES - (3) 4"" CONDUITS WITH PULL STRINGS. (1) CONDUIT WITH CABLES, (2) SPARE CONDUITS."
toC12,toS05,leader,A,41,True,4,0,2,2,2,duct bank,20.5,+demarc qty not stated,"(41) CORE-A CABLES + DEMARC CABLES - (4) 4"" CONDUITS WITH PULL STRINGS. (2) CONDUITS WITH CABLES, (2) SPARE CONDUITS. (2) CONDUITS WITH ELECTRICAL CABLES, REFER TO ELECTRICAL DRAWINGS FOR FURTHER INFORMATION."
toC13,toS04,leader,B,50,True,5,0,3,2,0,duct bank,16.7,+demarc qty not stated,"(50) CORE-B CABLES + DEMARC CABLES - (5) 4"" CONDUITS WITH PULL STRINGS. (3) CONDUITS WITH CABLES, (2) SPARE CONDUITS."
toC14,toS10,leader,B,3,False,3,0,1,2,0,duct bank,3.0,,"(3) CORE-B CABLES - (3) 4"" CONDUITS WITH PULL STRINGS. (1) CONDUIT WITH CABLES, (2) SPARE CONDUITS."
toC15,toS07,NEAREST ONLY (17 ft) - verify,B,1,False,1,0,1,0,0,duct bank,1.0,,"(1) CORE-B CABLE - (1) 4"" CONDUIT WITH PULL STRING AND CABLES."
toC16,toS14,leader,B,1,False,3,1,1,2,0,duct bank,1.0,,"(1) CORE-B CABLE - (3) 4"" CONDUITS WITH PULL STRINGS. (1) CONDUIT WITH CABLES, (2) SPARE CONDUITS. (1) 1"" CONDUIT FOR FIRE ALARM FIBER OPTIC CABLE."
toC17,toS12,leader,A,1,False,3,0,1,2,0,duct bank,1.0,,"(1) CORE-A CABLE - (3) 4"" CONDUITS WITH PULL STRINGS. (1) CONDUIT WITH CABLES, (2) SPARE CONDUITS."
toC18,toS16,leader,B,53,True,5,0,3,2,0,duct bank,17.7,+demarc qty not stated,"(53) CORE-B CABLES + DEMARC CABLES - (5) 4"" CONDUITS WITH PULL STRINGS. (3) CONDUITS WITH CABLES, (2) SPARE CONDUITS."
toC19,toS11,leader,A,54,True,5,0,3,2,0,duct bank,18.0,+demarc qty not stated,"(54) CORE-A CABLES + DEMARC CABLES - (5) 4"" CONDUITS WITH PULL STRINGS. (3) CONDUITS WITH CABLES, (2) SPARE CONDUITS."
toC20,toS17,leader,A,12,False,3,0,1,2,0,duct bank,12.0,,"(12) CORE-A CABLES - (3) 4"" CONDUITS WITH PULL STRINGS. (1) CONDUIT WITH CABLES, (2) SPARE CONDUITS."
toC21,toS17,leader,A,13,False,3,0,1,2,0,duct bank,13.0,,"(13) CORE-A CABLE - (3) 4"" CONDUITS WITH PULL STRINGS. (1) CONDUIT WITH CABLES, (2) SPARE CONDUITS."
toC22,toS16,NEAREST ONLY (9 ft) - verify,A,1,False,1,0,1,0,0,duct bank,1.0,,"(1) CORE-A CABLE - (1) 4"" CONDUIT WITH PULL STRING AND CABLES."
toC23,toS18,leader,A,1,False,0,0,0,0,0,existing UG conduit,,,(1) CORE-A CABLE - IN EXISTING UNDERGROUND CONDUIT FROM TUNNEL.
toC24,toS23,leader,B,54,True,5,0,3,2,0,duct bank,18.0,+demarc qty not stated,"(54) CORE-B CABLES + DEMARC CABLES - (5) 4"" CONDUITS WITH PULL STRINGS. (3) CONDUITS WITH CABLES, (2) SPARE CONDUITS."
toC25,toS20,leader,B,4,False,3,0,1,2,0,duct bank,4.0,,"(4) CORE-B CABLES - (3) 4"" CONDUITS WITH PULL STRINGS. (1) CONDUIT WITH CABLES, (2) SPARE CONDUITS."
toC26,toS22,leader,B,58,True,5,1,3,2,0,duct bank,19.3,+demarc qty not stated,"(58) CORE-B CABLES + DEMARC CABLES - (5) 4"" CONDUITS WITH PULL STRINGS. (3) CONDUITS WITH CABLES, (2) SPARE CONDUITS. (1) 1"" CONDUIT FOR FIRE ALARM FIBER OPTIC CABLE."
toC27,toS19,leader,B,3,False,1,0,1,0,0,existing tunnel,3.0,,"(3) CORE-B CABLES - (1) 4"" CONDUIT WITH PULL STRING AND CABLES. ROUTED IN EXISTING TUNNEL."
toC28,toS21,leader,A,56,True,5,0,3,2,0,duct bank,18.7,+demarc qty not stated,"(56) CORE-A CABLES + DEMARC CABLES - (5) 4"" CONDUITS WITH PULL STRINGS. (3) CONDUIT WITH CABLES, (2) SPARE CONDUITS."
toC29,toS18,leader,B,1,False,0,0,0,0,0,existing UG conduit,,,(1) CORE-B CABLE - IN EXISTING UNDERGROUND CONDUIT FROM TUNNEL.
toC30,toS25,leader,A,4,False,3,1,1,2,0,duct bank,4.0,,"(4) CORE-A CABLES - (3) 4"" CONDUITS WITH PULL STRINGS. (1) CONDUIT WITH CABLES, (2) SPARE CONDUITS. (1) 1"" CONDUIT FOR FIRE ALARM FIBER OPTIC CABLE."
toC31,toS24,leader,B,1,False,1,0,1,0,0,duct bank,1.0,,"(1) CORE-B CABLE - (1) 4"" CONDUIT WITH PULL STRING AND CABLES."
toC32,toS26,leader,B,2,False,3,0,1,2,0,duct bank,2.0,,"(2) CORE-B CABLES - (3) 4"" CONDUITS WITH PULL STRINGS. (1) CONDUIT WITH CABLES, (2) SPARE CONDUITS."
toC33,toS27,leader,B,1,False,1,0,1,0,0,duct bank,1.0,,"(1) CORE-B CABLE - (1) 4"" CONDUIT WITH PULL STRING AND CABLES."
toC34,toS28,leader,A,3,False,3,1,1,2,0,duct bank,3.0,,"(3) CORE-A CABLES - (3) 4"" CONDUITS WITH PULL STRINGS. (1) CONDUIT WITH CABLES, (2) SPARE CONDUITS. (1) 1"" CONDUIT FOR FIRE ALARM FIBER OPTIC CABLE."
toC35,toS29,leader,A,1,False,1,0,1,0,0,duct bank,1.0,,"(1) CORE-A CABLE - (1) 4"" CONDUIT WITH PULL STRING AND CABLES."
